chrom	pos	ref	alt	filter	gene_symbol	ensembl_gene_id	gene_biotype	transcript_id	is_canonical	mane_select	consequence	impact	exon	intron	hgvsg	hgvsc	hgvsp	amino_acids	codons	cdna_position	cds_position	protein_position	sift_score	sift_pred	polyphen_score	polyphen_pred	phylop	gerp	cadd_raw	cadd_phred	gnomad_af	gnomad_popmax_af	gnomad_popmax_pop	gnomad_afr_af	gnomad_amr_af	gnomad_asj_af	gnomad_eas_af	gnomad_fin_af	gnomad_nfe_af	gnomad_sas_af	gnomad_mid_af	clinvar_clnsig	clinvar_review_stars	clinvar_clndn	clinvar_review_status	clinvar_last_evaluated	civic_evidence_level	civic_evidence_type	civic_clinical_significance	civic_drug	civic_cancer_type	vaf	depth	genotype	existing_variation	regulatory_id	af_1kg
chr17	2394409	G	T	PASS	METTL16	ENSG00000127804	protein_coding	ENST00000263092	NO	.	intron_variant	MODIFIER	.	.	NC_000017.11:g.2394409G>T	.	.	.	.	.	.	.	.	.	.	.	.	.	.	.	.	.	.	.	.	.	.	.	.	.	.	.	.	.	.	.	.	.	.	.	.	0.0160	32	somatic	.	.	.
chr17	4632718	G	A	PASS	MED11	ENSG00000161920	protein_coding	ENST00000293777	NO	.	upstream_gene_variant	MODIFIER	.	.	NC_000017.11:g.4632718G>A	.	.	.	.	.	.	.	.	.	.	.	.	.	.	.	.	.	.	.	.	.	.	.	.	.	.	.	.	.	.	.	.	.	.	.	.	0.0240	20	somatic	.	.	.
chr17	5541887	C	T	PASS	.	.	.	.	.	.	.	.	.	.	NC_000017.11:g.5541887C>T	.	.	.	.	.	.	.	.	.	.	.	.	.	.	.	.	.	.	.	.	.	.	.	.	.	.	.	.	.	.	.	.	.	.	.	.	0.0430	32	somatic	.	.	.
chr17	6707176	G	C	PASS	.	.	.	.	.	.	.	.	.	.	NC_000017.11:g.6707176G>C	.	.	.	.	.	.	.	.	.	.	.	.	.	.	.	.	.	.	.	.	.	.	.	.	.	.	.	.	.	.	.	.	.	.	.	.	0.0410	34	somatic	.	.	.
chr17	6779878	G	A	PASS	AC027763.2	ENSG00000215067	nonsense_mediated_decay	ENST00000570562	NO	.	downstream_gene_variant	MODIFIER	.	.	NC_000017.11:g.6779878G>A	.	.	.	.	.	.	.	.	.	.	.	.	.	.	.	.	.	.	.	.	.	.	.	.	.	.	.	.	.	.	.	.	.	.	.	.	0.0570	33	somatic	.	.	.
chr17	7674220	C	T	PASS	.	.	.	.	.	.	.	.	.	.	NC_000017.11:g.7674220C>T	.	.	.	.	.	.	.	.	.	.	.	.	.	.	.	.	.	.	.	.	.	.	.	.	.	.	.	.	.	.	.	.	.	.	.	.	0.0320	45	somatic	.	.	.
chr17	10410710	C	G	PASS	MYH1	ENSG00000109061	protein_coding	ENST00000226207	NO	.	intron_variant	MODIFIER	.	.	NC_000017.11:g.10410710C>G	.	.	.	.	.	.	.	.	.	.	.	.	.	.	.	.	.	.	.	.	.	.	.	.	.	.	.	.	.	.	.	.	.	.	.	.	0.0320	44	somatic	.	.	.
chr17	11990510	C	T	PASS	MAP2K4	ENSG00000065559	protein_coding	ENST00000353533	NO	.	intron_variant	MODIFIER	.	.	NC_000017.11:g.11990510C>T	.	.	.	.	.	.	.	.	.	.	.	.	.	.	.	.	.	.	.	.	.	.	.	.	.	.	.	.	.	.	.	.	.	.	.	.	0.0002	15	somatic	.	.	.
chr17	19556155	G	A	PASS	.	.	.	.	.	.	.	.	.	.	NC_000017.11:g.19556155G>A	.	.	.	.	.	.	.	.	.	.	.	.	.	.	.	.	.	.	.	.	.	.	.	.	.	.	.	.	.	.	.	.	.	.	.	.	0.0690	14	somatic	.	.	.
chr17	29609163	G	C	PASS	NF1	ENSG00000196712	protein_coding	ENST00000356175	NO	.	intron_variant	MODIFIER	.	.	NC_000017.11:g.29609163G>C	.	.	.	.	.	.	.	.	.	.	.	.	.	-0.169650	0.880	.	.	.	.	.	.	.	.	.	.	.	.	.	.	.	.	.	.	.	.	.	0.0300	32	somatic	.	.	.
chr17	34983021	A	G	PASS	.	.	.	.	.	.	.	.	.	.	NC_000017.11:g.34983021A>G	.	.	.	.	.	.	.	.	.	.	.	.	.	.	.	.	.	.	.	.	.	.	.	.	.	.	.	.	.	.	.	.	.	.	.	.	0.0170	35	somatic	.	.	.
chr17	39988669	G	A	PASS	NT5C3B	ENSG00000141698	protein_coding	ENST00000269534	NO	.	stop_gained	HIGH	.	.	NC_000017.11:g.39988669G>A	.	.	E/*	Gag/Tag	367	265	89	.	.	.	.	.	.	.	.	.	.	.	.	.	.	.	.	.	.	.	.	.	.	.	.	.	.	.	.	.	0.0160	31	somatic	.	.	.
chr17	41349384	G	A	PASS	.	.	.	.	.	.	.	.	.	.	NC_000017.11:g.41349384G>A	.	.	.	.	.	.	.	.	.	.	.	.	.	.	.	.	.	.	.	.	.	.	.	.	.	.	.	.	.	.	.	.	.	.	.	.	0.0190	56	somatic	.	.	.
chr17	50461355	G	A	PASS	.	.	.	.	.	.	.	.	.	.	NC_000017.11:g.50461355G>A	.	.	.	.	.	.	.	.	.	.	.	.	.	.	.	.	.	.	.	.	.	.	.	.	.	.	.	.	.	.	.	.	.	.	.	.	0.0190	25	somatic	.	.	.
chr17	69016308	A	G	PASS	.	.	.	.	.	.	.	.	.	.	NC_000017.11:g.69016308A>G	.	.	.	.	.	.	.	.	.	.	.	.	.	0.042628	3.302	.	.	.	.	.	.	.	.	.	.	.	.	.	.	.	.	.	.	.	.	.	0.0340	98	somatic	.	.	.
chr17	75239434	G	A	PASS	.	.	.	.	.	.	.	.	.	.	NC_000017.11:g.75239434G>A	.	.	.	.	.	.	.	.	.	.	.	.	.	.	.	.	.	.	.	.	.	.	.	.	.	.	.	.	.	.	.	.	.	.	.	.	0.0004	22	somatic	.	.	.
chr17	76626447	G	T	PASS	CTD-2357A8.3	ENSG00000267123	lincRNA	ENST00000586185	NO	.	intron_variant,non_coding_transcript_variant	MODIFIER	.	.	NC_000017.11:g.76626447G>T	.	.	.	.	.	.	.	.	.	.	.	.	.	0.044441	3.332	.	.	.	.	.	.	.	.	.	.	.	.	.	.	.	.	.	.	.	.	.	0.0650	34	somatic	.	.	.
chr17	78532472	C	T	PASS	RPTOR	ENSG00000141564	protein_coding	ENST00000306801	NO	.	intron_variant	MODIFIER	.	.	NC_000017.11:g.78532472C>T	.	.	.	.	.	.	.	.	.	.	.	.	.	.	.	.	.	.	.	.	.	.	.	.	.	.	.	.	.	.	.	.	.	.	.	.	0.0001	10	somatic	.	.	.
chr17	81511656	G	C	PASS	.	.	.	.	.	.	.	.	.	.	NC_000017.11:g.81511656G>C	.	.	.	.	.	.	.	.	.	.	.	.	.	.	.	.	.	.	.	.	.	.	.	.	.	.	.	.	.	.	.	.	.	.	.	.	0.0690	44	somatic	.	.	.
chr17	81671752	A	T	PASS	.	.	.	.	.	.	.	.	.	.	NC_000017.11:g.81671752A>T	.	.	.	.	.	.	.	.	.	.	.	.	.	.	.	.	.	.	.	.	.	.	.	.	.	.	.	.	.	.	.	.	.	.	.	.	0.0500	36	somatic	.	.	.
chr17	81683794	C	T	PASS	.	.	.	.	.	.	.	.	.	.	NC_000017.11:g.81683794C>T	.	.	.	.	.	.	.	.	.	.	.	.	.	.	.	.	.	.	.	.	.	.	.	.	.	.	.	.	.	.	.	.	.	.	.	.	0.0630	14	somatic	.	.	.
chr17	82374762	C	G	PASS	.	.	.	.	.	.	.	.	.	.	NC_000017.11:g.82374762C>G	.	.	.	.	.	.	.	.	.	.	.	.	.	.	.	.	.	.	.	.	.	.	.	.	.	.	.	.	.	.	.	.	.	.	.	.	0.1060	15	somatic	.	.	.
chr11_KI270927v1_alt	101939	C	A	PASS	.	.	.	.	.	.	.	.	.	.	chr11_KI270927v1_alt:g.101939C>A	.	.	.	.	.	.	.	.	.	.	.	.	.	.	.	.	.	.	.	.	.	.	.	.	.	.	.	.	.	.	.	.	.	.	.	.	0.0780	22	somatic	.	.	.
HLA-A*24:03:01	669	G	A	PASS	.	.	.	.	.	.	.	.	.	.	chrHLA-A*24:03:01:g.669G>A	.	.	.	.	.	.	.	.	.	.	.	.	.	.	.	.	.	.	.	.	.	.	.	.	.	.	.	.	.	.	.	.	.	.	.	.	0.0330	14	somatic	.	.	.
HLA-A*24:03:01	1389	G	A	PASS	.	.	.	.	.	.	.	.	.	.	chrHLA-A*24:03:01:g.1389G>A	.	.	.	.	.	.	.	.	.	.	.	.	.	.	.	.	.	.	.	.	.	.	.	.	.	.	.	.	.	.	.	.	.	.	.	.	0.0780	11	somatic	.	.	.
HLA-A*24:03:01	3268	A	T	PASS	.	.	.	.	.	.	.	.	.	.	chrHLA-A*24:03:01:g.3268A>T	.	.	.	.	.	.	.	.	.	.	.	.	.	.	.	.	.	.	.	.	.	.	.	.	.	.	.	.	.	.	.	.	.	.	.	.	0.1250	20	somatic	.	.	.
